{"schemaVersion":"1.0","appDefinitionTemplate":{"id":"/providers/Microsoft.PowerApps/apps/","type":"Microsoft.PowerApps/apps","tags":{"primaryDeviceWidth":"1366","primaryDeviceHeight":"768","supportsPortrait":"true","supportsLandscape":"true","primaryFormFactor":"Tablet","showStatusBar":"false","publisherVersion":"3.25121.7","minimumRequiredApiVersion":"2.2.0","hasComponent":"false","hasUnlockedComponent":"false","isUnifiedRootApp":"false","sienaVersion":"20251211T214212Z-3.25121.7.0"},"properties":{"appVersion":"2025-12-11T21:42:12Z","lifeCycleId":"Published","createdByClientVersion":{"major":3,"minor":25121,"build":7,"revision":0,"majorRevision":0,"minorRevision":0},"minClientVersion":{"major":3,"minor":25121,"build":7,"revision":0,"majorRevision":0,"minorRevision":0},"backgroundColor":"RGBA(0,176,240,1)","backgroundImageUri":"/13069835865663439722/N39252205-af4b-4ff7-9749-bedd03a29aed-logoSmallFile","displayName":"Factory Work","commitMessage":"","appUris":{"documentUri":{"value":"/13069835865663439722/Nc9fcc26f-5b62-4d56-9573-ea4e58507bc3-document.msapp"},"imageUris":[],"additionalUris":[{"isSolutionAware":false,"value":"/13069835865663439722/N1a2536ef-e16e-4962-8da8-03b66e4e0153-identity.json"}]},"createdTime":"0001-01-01T00:00:00Z","lastModifiedTime":"0001-01-01T00:00:00Z","sharedGroupsCount":0,"sharedUsersCount":0,"connectionReferences":{"b8904b46-7b92-4014-86cd-cb782278a06a":{"id":"453d5c3e-51f2-48ed-b82f-d637573cdabd","displayName":"SQL Server","runtimePolicyName":"7f30ba44-b303-4e97-bf72-658cbf089791","executionRestrictions":{"version":2,"modifiedOn":"2025-12-11 21:42:11","appVer":"3.25121.7","apiId":"/providers/microsoft.powerapps/apis/shared_sql","apiVer":2,"policy":"{\"tabularActions\":{\"[dbo].[fact_sprint_tasks]\":[\"post\",\"patch\",\"get\"],\"[dbo].[vw_employee]\":[\"get\"],\"[dbo].[dim_task]\":[\"get\"]},\"serviceActions\":[]}"},"iconUri":"https://conn-afd-prod-endpoint-bmc9bqahasf3grgk.b01.azurefd.net/releases/v1.0.1787/1.0.1787.4504/Sql/icon.png","dataSources":["VW_EMPLOYEE","DIM_TASK","FACT_SPRINT_TASKS"],"dependencies":[],"dependents":[],"parameterHints":{},"parameterHintsV2":{},"isOnPremiseConnection":false,"sharedConnectionId":"c20fabcc-b77e-4bdc-9ff7-019421e61859","bypassConsent":false,"dataSets":{"nilfire.database.windows.net,NilfireDataBaseSQL":{"dataSources":{"VW_EMPLOYEE":{"tableName":"[dbo].[VW_EMPLOYEE]"},"DIM_TASK":{"tableName":"[dbo].[DIM_TASK]"},"FACT_SPRINT_TASKS":{"tableName":"[dbo].[FACT_SPRINT_TASKS]"}}}},"apiTier":"Premium","isCustomApiConnection":false,"authenticationType":"sqlAuthentication","actions":["providers/PowerPlatform.Governance/Operations/Read","providers/PowerPlatform.Governance/Operations/Write"],"endpoints":["nilfire.database.windows.net,NilfireDataBaseSQL"]},"21c969c4-f771-4fef-a27a-d48360b0b5f4":{"id":"5d8f37e5-b23f-4247-aaa5-ed98665da6f0","displayName":"SharePoint","iconUri":"https://conn-afd-prod-endpoint-bmc9bqahasf3grgk.b01.azurefd.net/v1.0.1779/1.0.1779.4440/sharepointonline/icon.png","dataSources":["JobMediaList"],"dependencies":[],"dependents":[],"parameterHints":{},"parameterHintsV2":{},"isOnPremiseConnection":false,"bypassConsent":false,"dataSets":{"https://nilfire365.sharepoint.com/sites/FactoryOperations2-Backlog":{"dataSources":{"JobMediaList":{"tableName":"e805d072-b1d1-445d-b0d7-9915c1acbc41"}}}},"apiTier":"Standard","isCustomApiConnection":false,"actions":["providers/PowerPlatform.Governance/Operations/Read","providers/PowerPlatform.Governance/Operations/Write"]}},"databaseReferences":{},"almMode":"Environment","performanceOptimizationEnabled":true,"canConsumeAppPass":true,"enableModernRuntimeMode":false,"executionRestrictions":{"isTeamsOnly":false,"dataLossPreventionEvaluationResult":{"status":"Compliant","lastEvaluationDate":"2025-09-28T23:21:24.5835439Z","violations":[],"violationsByPolicy":[],"violationErrorMessage":"The app uses the following connectors: shared_sql."}}},"isAppComponentLibrary":false,"appType":"ClassicCanvasApp","appComponents":[]}}